GIWKTIKSMGKVFAGKIKQNL,1.096910013,0.400914934
FLSLIPKAIKAVGVKAKKF,1.191579212,0.377302267
LLKKLLKKLLKKC,1.60367952,0.38948854
FSLKDLFVPVIKDQVSDLWRTGDIDLVGHSCTYNVKPDIQGFELYFIGSVTCPGWTTLRGESNTRSKSGVVNSAVKDFIQKALKAGLVTEEEAKPHLV,1,0.317861197
IDWKKLLDAAKQIL,1.204119983,0.714628775
SMLSVLKNLEKVELEFVACKINKQC,2.301029996,0.062596792
FLPIIGKLLSG,1,0.652708643
DDALKHLLKHLLKHL,1.096910013,0.152486204
FLPLIGKILGTIL,2.176091259,0.3019049
QLPFVAGVACEMCQCVYCAASKKC,0.928666248,0.999949433
GILSSFKGVAKGVAKNLAGKLLDELKCKITGC,1.602059991,0.554442539
FLSMIPKIAGGIASLVKNL,0.90911682,0.26672406
GLADYWRTAFRANFANLGPGIRCKSARC,1.505149978,0.624692404
FLIGMTHGLICLISRKC,1.720014386,0.057592774
SMLSVLKNLGKVGLGFVAAKIAKQA,2,0.75893781
SIGAKILGGVKTFFKGALKELASTYLQ,0.556302501,0.298241935
FLSGILKLAFKIPSVLCAVLKNC,1.397940009,0.954707757
GEKLKKIGQKIKKFFQKL,1.698970004,0.968001264
FLPAALAGIGGILGKLF,2,0.642928129
RLRRIVVIRVRR,1.289419913,0.816381995
FKTWKRPPFQTSCWGIIKE,0.766726288,0.752714968
SRWPSPGRPRPFPGRPKPIF,1.698970004,0.915996289
VTCFCKRPVCDSGETQIGYCRLGNTFYRLCCRQ,1.329995341,0.907842201
KGIVGMLGKLF,1.079181246,0.708751805
FVPWFSKFLKRIL,0.193124598,0.577580352
FLPILGKLLSGFL,1.903089987,0.032328912
FPVGRVHRLLRK,1.335533875,0.880847707
GKKLLKKWKKLWKKW,0.568517245,0.67572132
GGLRSLGRKILRAWKKYG,1.204119983,0.447808019
EMLKKKKEVKMERKT,2.020824783,0.368714672
WLNALLHHGYKRKFH,1.221797859,0.699041703
RSARAGLQFPVGRIHRHLK,1.681241237,0.664871268
WKLFKKIPKFLHLAKKF,1.698970004,0.462176744
FFPLLFGALSSMMPKLF,0.108703584,0.22371641
KALWKTMLKKLGTMAL,1.017033339,0.993683016
ACDTATCVTHRLAGLLSRSGGVVKNNFVPTNVGSKAF,1.220437119,0.793310381
GIFSLIKTAAKFVGKNLLKQAGKAGVEHLACKANNQC,-0.190058528,0.735799947
NLWAGILKHIIK,1.033423755,0.321132656
SADQTGMNKAALSPIRFISKSV,1.935232929,0.009075771
IKIPAVVKDTLKKVAKGVLSAVAGALTQ,1.903089987,0.407009125
IKLSPETKKNLKKVLKGAIKGAIAVAKMV,2,0.574555611
FLPGLIKAAVGIGSTIFCKISKKC,1.698970004,0.978783143
LKLSPKTKDTLKKVLKGAIKGAIAIASMA,1.903089987,0.54097139
KPAEDLARYYSALRHYINLITRQRY,0.176091259,0.830722229
FSEAIKKIIDFLG,2.237759456,0.101871624
RAVAVIIRLRRV,0.625318941,0.465787142
RTCRCRLGRCSRRESYSGSCNINGRIYSLCCR,0.579783597,0.412018943
FLSLIPSLVGGSISAFK,2.204119983,0.935670119
FVQWFSRFLGRIL,1.079181246,0.576469747
DDALHHLLHHLLHHL,2,0.545651598
LLPIVGNLLKSLL,0.602059991,0.279327978
DAEDLARYYSALRHYINLITRQRY,0.477121255,0.792094536
FFHHIFRGIVHVGKTIHKLVTGT,1.150514998,0.399608436
FLPVIAGLAAKVLPKLFCAITKKC,0.397940009,0.563945614
FLPILASLAAKFGPKLFCLVTKKC,0.477121255,0.705372906
GLHKVMREVLGYERNSYKKFFLR,0.416973027,0.233724311
SFFKKAAHVGKHVGKAALTHYL,1,0.772858815
IKIPPIVKDTLKKVAKGVLSTIAGALST,2.204119983,0.639947276
RIIDLLWRVRRPQKPKFVTVWVR,0.602059991,0.607867996
RCPGHTRQIGTSFGPRVKSCRKW,1.505149978,0.662504218
KDEPQRRSARLSAKPAPPKPEPKPKKAPAKK,1.464323831,0.269741483
FLPLIAGVAANFLPKIFCLISKKC,0.477121255,0.51302501
GRFRRLRKKTRKRLKKIGKVLKWIPPIVGSIPLGCG,2.10720997,0.665156208
YPSKPDNPGEDAPAEDMARYYSALRHYINLITRQRY,1.641334783,0.791691592
KRHHGYKRKFH,0.962451429,0.953242532
FLPIIASVAAKVFSKIFCAISKKC,0.84509804,0.338625868
ILRWKWRWWRWRR,0.755874856,0.682661814
KWKLFKKIGIGKFLKKK,1.096910013,0.221274809
GLMDTIKGVAKNVAASLLEKLKCKVTGC,1.602059991,0.45933118
GCRRLCYKQRCVTYCRGPPR,0.903089987,0.894935719
SMLSVLKNLGKVGLGLVACKINKQC,1.763427994,0.868524776
AKRLKKLFKKIWNWK,0.903089987,0.503507936
KFHEKHHSHRGY,1.709216487,0.270652336
VQLRIRVRVIRK,0.591781128,0.083121739
GFWDSVKEGLKNAAVTILNKIKCKISECGGA,0.881958359,0.937733214
ILGPVISTIGNVLGGLLKNL,1.700837746,0.643997741
PRPRPRPLPFPRPG,2.698970004,0.392491053
ISGPVLGLVGNALGGLIKKI,1.716844782,0.60138659
GILSGILGVGKMLVCGLSGLC,0.635536924,0.318571948
GIMSSLMKKLAKHIAK,1.146128036,0.971966861
AIGSILGALAKGLPTLISWIKNR,1.096910013,0.372459878
YKLLKKLLKKLKKLLKKL,1.348721986,0.967229173
GFSSIFRGVAKFASKGLGKDLAKLGVDLVACKISKQC,1,0.409977314
GLLDTFKNLAINAAESAGVSVLNSLSCKLSKTC,1.150514998,0.538384697
VKWRWKKWRWKWKWKV,1.617093313,0.662456769
KFLHLAKKFPKWKLFKKI,1.096910013,0.774147999
KRLFKELKFSLRKY,2.033423755,0.234494179
FLKGCWTKWYSLKPKCPF,1.350137881,0.224571406
SGRGKQGGKVRAKAKTRSSRAGLQFPVGRVHRLLRKGNY,-0.029275556,0.974013565
FLSHIAGFLSNLF,1.301029996,0.792407624
GILSSLLKKLKKWIAK,1.204119983,0.733508001
GLISGLLGVGKMLVCGLSGLC,1.008600172,0.413025997
KWKLFKKIPKFLHLAKK,1.397940009,0.488574257
AGWGSIFKHIFKAGKFIHGAIQAHND,1.351148468,0.807637635
AYVLDEPKPIKDLEKSLQHNLVYCRRLVLEYFLKSIFEYH,0.086921655,0.987729567
INMKASAAVAKKLL,1.012386312,0.68060687
GFGSFLGSLFKTGLKIIPKLLPSIQQ,1.602059991,0.067824019
GILDTLKQFAKGVGKDLVKGAAQGVLSTV,1.535451021,0.226992602
RFRPPIRRPPIRPPFRPPFRPPVR,0.726185838,0.430928783
GLFDVVKGVLKGVGKNVAGSLLEQLKCKLSGGC,1.698970004,0.710513233
KAEDLARYYSALRHYINLITRQRY,0,0.502947827
GKPRPYTPRPTSHPRPIRV,2,0.517485103
GIFGKILGVGKKTLCELSGMC,0.505149978,0.621803792
LAFVAGVAAEMMQHVYCAASKKC,0.928666248,0.174545356
IFGAIAGLLKNIF,1.631443769,0.363841094
VKRFKKFFRKFKKSV,0.676975611,0.685181656
SMLSVLKNLGKVGLGFVACKIKKQC,1.301029996,0.022588128
WGRAFSRGVRRLARGGRG,1.80304721,0.798703228
FLPWFSKFLGRIL,1.079181246,0.266929332
SIITMTKEAKLPQLGKQIACRLYNTC,1.312098912,0.345064046
FPVKLKFPKVKL,0.954418357,0.744943111
KWKLFKKIPKFLH,2,0.283338718
GILSSLWKKLKKIIAK,1.041392685,0.397352725
GILSLFTGGIKALGKTLFKMAGKAGAEHLACKATNQC,1.72427587,0.51160487
YLAFRCGRYSPCLDDGPNVNLYSCCSFYNCHKCLARLENCPKGLHYNAYLKVCDWPSKAGCTSVNKECHLWKT,0.793091589,0.845098527
GFMDTAKNAAKNVAVTLLDNLKCKITKAC,-0.467736314,0.371339911
LKLKSIVSWAKKVL,1.19029506,0.265325467
GIFGKILGVGKKVLCGLSGMC,1.4879866,0.721405983
FLPGLECVSGLKIVPTVFCAITRIC,0.571816885,0.487397451
VIPFVASVAAEMMQHVYCAASKKC,1,0.041538219
KLLKQWPIGKLLKKLLKKLLK,-0.403175053,0.901868761
GFWGKLFKLGLHGIGLLHLHL,0.903089987,0.844528349
YKLLKLLLPKLKPLLFKL,1.775113964,0.904775045
LKLKLYPLKLKLYP,0.363956932,0.258345205
QGVRNHVTCRIYGGFCVPIRCPGRTRQIGTCFGRPVKCCRRW,1.204119983,0.851711067
GILSGVLGMGKKIVCGLSGLC,0.341227477,0.435480083
AKKVFKRLRKLFKKI,2,0.415980198
DSHAKRHHGYKRKFHEKHHSHRGY,-0.783373731,0.307140483
FLPIIAGVAAKVFPKIFCAISKKC,0.698970004,0.273160975
KKYRYHLKPFCKK,2.10720997,0.943480723
RECKTESHRFKGPCITKPPCRKACISEKFTDGHCSKILRRCLCTKPC,0.301029996,0.202283572
GILKSLLKKLKKIIAK,1.380211242,0.520726795
SMLGVLKNLGKVGLGFVACKINKQC,2.301029996,0.692896178
RQKDKRPYSERKNQYTGPQFLYPPERIPP,0.524085237,0.358443034
SIRDKGKTIAIDLAKSAGTGVLKTLMCKLDKSC,0.460153374,0.886989335
RRWKIVVIRWRR,1.045322979,0.67905208
GLARIVVIRVAR,1.97546662,0.428628433
GIGTKILGGVKTALKGALKELASTYAN,0.477121255,0.160772243
SIITGTKEAKLPQLWKQIACRLYNTC,1.002975139,0.665677851
TRWLWLLRGGLKAAGWGIRAHLNRNQ,1.81751085,0.078280839
FLPLIGRVLSGAL,1.301029996,0.065058172
FLPFLIPALTSLISSL,2.176091259,0.524376861
FFSMIPKIATGIASLVKNL,0.892258959,0.05781633
GIPCAESCVWIPCTVTALLGCSCKDKVCYLD,2.204119983,0.099702014
GIGTKILGGVKAALKGALKELASTYVN,1.572975842,0.821658498
SVLGTVKDLLIGAGKSAAQSVLTALSCKLSNSC,0.531414974,0.295567672
FLPLIASVAANLVPKIFCKITKKC,1.423477663,0.944693589
RAGLQFPVGRVHRLLR,1.533125223,0.066157571
AKAWGIPPHVIPQIVPVRIRPLGGNV,0.953062151,0.02342099
VVKFSYRKGSPAPQKN,2.04429472,0.742073461
SGRGKTGGKARAKAKTRSSRAGLQFPVGRVHRLLR,-0.045757491,0.705627138
LKWGAILKHIIK,0.707570176,0.487824793
IRVKIRVKIRVK,1.918521603,0.537834189
GIFSKFVGKGLKNLFMKGAKTIGREVGMDVLRTGIDIAGCKIKGEC,0.611911788,0.837894377
FMPILSCSRFKRC,-0.159450538,0.247196523
FFGWLIKPAIHAGKAIHGLIHRRRH,0.477121255,0.861095303
GLFTLIKGAAKLIGKTVAKEAGKTGLELMACKITNQC,2,0.49697913
AALKGCWTKSIPPKPCFGF,0.365540533,0.844708504
GIFPIFAKLLGKVIKVASSLISKGRTE,1.903089987,0.884641718
DDALRHLLRHLLRHL,1.096910013,0.482334946
WSPQEEDRIIEGGI,2.089905111,0.171672126
VKLVYPLKVKLYP,1.312032396,0.087660547
GGLRSLGRKILRAWKKYGPIIVPIIRIG,0.752574989,0.527751391
VFLGNIVSMGKKI,2.15312283,0.456916703
KWFKKIPKFLHLAKKF,1.698970004,0.444892853
GLLSGILGAGKKIVCGLSGLC,0.557357421,0.244584403
FLLPPSTACCTQLYRKPLSDKLLRKVIQVELQEADGDCHLQAFVLHLAQRSICIHPQNPSLSQWFEHQERKLHGTLPKLNFGMLRKMG,0.698970004,0.095644295
PVGRVHRLLRK,1.682123414,0.695045727
HFLKTLVNLAKKIL,1.505149978,0.418713738
FLPPSPWKETFRTS,1.098724961,0.535569385
AGRGKQGGKVRAKAKTRSSRAGLQFPVGRVHRLLRKGNY,-0.027648638,0.019791454
AINPKSVQSLL,2.301029996,0.484706637
VIRRRRILAAVV,1.980706599,0.19626082
FLGELWNVAKSVF,1.698970004,0.165275804
IWSFLIKAATKLLPSLFGGGKKDS,1.093857682,0.742912879
SMLSVLKNLGKVGLGFVACKINKKC,1.602059991,0.279993488
LIRGLFKSFWQVF,1.079181246,0.613077381
GFFDRIKALTKNVTLELLNTITGKLGVTGG,0.895828317,0.864733601
GWLKKIGKKIERVGQHTRGLGIAQIAANVAATAR,0.530150611,0.486917033
KFFKKLKNSVKKRAKKFFKKPRVIGVSIPF,1.745275377,0.952937878
RIIRPIIQIIKQKIR,0.928027417,0.78584451
FLPVLTGLTPSIVPKLVCLLTKKC,2,0.780648354
VKWRWKWKWRWKWKWKV,1.584834302,0.006057638
LKIAKGIIKSL,1.92682194,0.288724896
SAFTVWSGPGCNNRAERYSKCGCSAIHQKGGYDFSYTGQTAALYNQAGCSGVAHTRFGSSARACNPFGWKSIFIQC,1.089483947,0.894101606
ILSAIWSGIKSLF,1.397940009,0.105469436
LLRHVVKILEKYL,1.284258087,0.739788424
NILNTIINLAKKIL,0.977723605,0.896583732
VTCFCRRRGCASRERLIGYCRFGNTIYGLCCRR,0.520573295,0.753929525
FFRLLFHGVHHGGGYLNAA,1.481202196,0.541801675
FLPLIASLAANFVPKIFCKITKKC,0.079181246,0.219749483
VDRGWGNGCGLFGKGG,2,0.762334263
GIMSSLMKKLAKIIAK,1.041392685,0.603603851
FFPIIAGMAAKLIPSLFCKITKKC,0.795532304,0.644459727
GKWWSLLKHILK,0.72427587,0.259037117
FLFKLIPKAIKGLVKAIRK,0.26284534,0.071184589
GLLDSVKEGLKKVAGQLLDTLKCKISGCTGA,0.599051844,0.991836374
SIITGTKEAKLGQLGKQIACRLGNTC,1.045086574,0.230199316
KWKLWKKIEKWGQGIGAVLKWLTTWL,-0.073495411,0.67912304
GVWDWIKKTAGKIWNSEPVKALKSQALNAAKNFVAEKIGATPS,1.288838023,0.229421076
GLPVCGETCVGGTCNTPGCSCSWPVCTRN,2.204119983,0.186585738
GLKKIFKKGLGSLVKGIAAHVAS,1.301029996,0.0780805
GHLGRPYIGGGGGFNRGGGFHRGGGFHRGGGFHSGGGFHRGGGFHSGGSFGYR,1.278753601,0.320959213
YCNGKRVCVCR,1.061955256,0.584215851
TSRCIFYRRKKCS,1.477121255,0.939083814
GLMSLFRGVLKTAGKHIFKNVGGSLLDQAKCKITGEC,2,0.71015451
GVFLDALKKFAKGGMNAVLNPK,2,0.607646716
FLIIRRPIVLGLL,0.914221174,0.056792095
FLPLLLAGLPLKLCFLFKKC,1.341423949,0.150073211
VIVKAIATLSKKLL,1.602059991,0.931524013
YKLLKWLLLKLKALLEKL,1.882754018,0.713687084
RRGLFKKLRRKIKKGFKKIFKRLPPVGVGVSIPLAGRR,1.657333738,0.031424422
VKLKYPVKLYP,1.977621188,0.4756328
AKKVFKRLGIGAVLKVLTWG,1.698970004,0.075457158
FDLLGLVKKVASAL,2,0.557922739
GFMKYIGPLIPHAVKAIKKLI,1.397940009,0.778125573
RAGLQFPVGKLLKKLLKRLKR,-0.090453671,0.718320097
GTKRGKLCRISRLAL,1.281900199,0.981373986
FLGLLFHGVHHVGKWIHGLIHGHH,1.806179974,0.936475372
GCTYNVKPDIQGFELYFIGSVTCG,1,0.737064641
FKRLEKLFKKIWNWK,1.698970004,0.453339012
RRIRPRPPRLPRPRP,1.459392488,0.770322234
FVQWFSKFLGKIL,1.079181246,0.373320274
CVYAYVRVRGVLVRYRRCW,1.556302501,0.187295765
ADMDFTGIAESIIKKIKETNAKPPA,1.677604874,0.280982995
GFKDLLKGAKKALVKTVLF,1.698970004,0.201687191
KLLLKLLLKLLK,0.642196604,0.689413085
VKLYPKVKLYP,1.676591193,0.020726334
YDLSKNCRLRGGICYIGKCPRRFFRSGSCSRGNVCCLRFG,1.301029996,0.264777643
SLLSLIRKLLT,-0.397940009,0.781431235
GILSSIKGVAKGVAKNVAAQLLDTLKCKITGC,1.792391689,0.40173391
WGRAFSAGVHRLANGGNG,1.84565606,0.135486729
KAYSMPRCKGGFRAVMCWL,1.04572504,0.634912142
PVVIRTVVAGYNLYRAIKKK,1.214428053,0.348417822
CIAKGNGCQPSGVQGNCCSGHCHKEPGWVAGYCK,1.096910013,0.20749836
RMKLNAKKLSFC,1.046118467,0.934414433
MLLKKLLKKLLKKM,1.859269097,0.640591629
VIVFVASVAAEMMQHVYCAASKKC,1.08804563,0.705481894
FLPILAGLAANILPKVFCSITKKC,0.477121255,0.112857809
LLRRLLRRLLRR,2.485697992,0.575477027
FLPVIAGVAANFLPKLFCAISKKC,1.079181246,0.90111146
FVPWFSKFLWRIL,0.494850022,0.458006082
GIFSKISGKAIKNLFIKGAKNVGKRVGMDVVRTGMDVVGCKIKGEC,0.740362689,0.835428651
GIGKFLHSAGKFGKAFIGEIMKS,1.397940009,0.83624935
GKVWDWIKSAAKKIWSSEPVSQLKGQVLNAAKNYVAEKIGATPT,1.318063335,0.708704257
GLKALKKVFKGIHKAIKLINKHVQ,1.903089987,0.419147361
IWLTALKFLGKHAAKHLAKQQLSKL,0.491361694,0.813679236
RLRRIVVIRVAR,1.026039152,0.38200522
KKLFKKIKKFL,1.546415812,0.748880778
GLFTLIKGAAKLIGKTTAKEAGKTGKLEMACKITNQC,0.342422681,0.334240321
GTFIKQQRKQKQQRHHTSGTRKRMAK,1.305718298,0.312288285
IWSFLIKAATKLLPSLFGG,1.792817044,0.960258794
WLRAFRRLVRRLARLLRR,1.424718337,0.674444811
GWRTLLKKAEVKTVGKLALKHYL,0.178287531,0.239539108
IIGPVLGLVGKALGGLL,2.204119983,0.750066124
GIFLKVLGVGKKVLCGVSGLC,0.73239376,0.278515541
GIMISLMKKLAAHIAK,1.079181246,0.935740031
DFGCGQGMIFMCQRRCMRLYPGSTGFCRGFRCMCDTHIPLRPPFMVG,0.677340817,0.100898034
GLLKPLLKIAAKVGSNLL,1.397940009,0.688165774
GFMDTAKNVAKNEAGNLLDNLKCKITKAC,0.799340549,0.33975026
ILPILSLIGGLL,1.698970004,0.398749905
RVVRQWPIGRVVRRVVRRVVRL,-0.139149883,0.742480859
GMAKLLAKVLPHVVKLIK,1.117271296,0.606382911
RRLRKKTRKRLKKIGKVLKWI,0.903089987,0.800077651
DLWNSIKDMAAAAGRAALNAVTGMVNQ,-1.127261173,0.839967714
GIGGVLLGAGKATLKGLAKVLAEKYAN,1.582843455,0.900997584
GLFSVVTGVLKAVGKNVAKNVGGSLLEQLKCKISGGC,1.133669281,0.102233881
AKRHHGYKRKFHAKRHHGYKRKFHAKRHHGYKRKFH,-0.776138678,0.323838504
DNRMVNHFVQEFKRKHKK,1.84509804,0.911926885
GLAANFLPKIFCKITRKC,1.091834546,0.980433954
GLLDSIKGMAISAGKGALQNLLKVASCKLDKTC,1.475213305,0.941869589
FLPVIASVAAKVLPKVFCFITKKC,0.477121255,0.596540245
IFGAIWNGIKSLF,1.096910013,0.588515324
EAPAEDLARYYSALRHYINLITRQRY,0.698970004,0.144751744
YKLLKLLLPKLKPLLPKL,1.901699611,0.140808687
FLPVIAGVAAKFLPKIFCAITKKC,0.903089987,0.708540145
GIFSKISGKAIKNLFIKGAENVGKHVGIDVVRTGIDVVGCKIKGEC,0.934498451,0.527249109
GIMSSLMKKLKKHIAK,1.079181246,0.744565497
RVVRQWPIGRVVRRVVRRVVRY,0.154067474,0.305816876
KWKLFKKIGIGKFLHSAKKF,1.096910013,0.009234814
FLKALWNVAKSVF,0.494154594,0.099898845
ILGTILGLLKGL,1.204119983,0.291528825
GLFTLIKGAYKLDAPTVACN,1.451544993,0.848904596
GCKFTVKPYLKRFQVYYKGRMWCG,1,0.257348655
LLKKLLKLLLKL,1.939766068,0.515778299
FLPLVTMLLGKLF,2.204119983,0.917434019
RWCVYAYVRIRGVLVRYRRCW,0.857872958,0.313179677
GLVGTLLGHIGKAILG,1.795880017,0.306574845
GLLSGILGAGKRIVCGLSGLC,0.85222237,0.884648009
GIGTKFLGGVKTALKGALKELAFTYVN,1.553261917,0.764863524
FLGALWNVAKKVF,0.193124598,0.073471928
DCLSGRYKGPCAVWDNETCRRVCKEEGRSSGHCSPSLKCWCEGC,1.698970004,0.990150221
GIWDTIKSMGKVFAGKILQNL,1.397940009,0.865286242
FLPLIGRVASGIL,1.602059991,0.754018815
HFLGTLVNLAKKKL,2.10720997,0.539532284
KRHHGYKRKFHEKHHSHR,0.648144656,0.1033459
GLLSGILGAGKHIVCGLTGCAKA,0.94267187,0.63784302
RGARIVVIRVAR,1.068773132,0.331956376
GLFSKFAGKGIKDLIFKGVKHIGKEVGMDVIRTGIDVAGCKIKGEC,-0.255700833,0.618947775
SMLKVLKNLGKVGLGFVACKINKQC,1.602059991,0.285782521
AMWKDVLKKIGTVALHAGKAALGAVADTISQ,1,0.74352337
GIGTKFLGGVKTALKGALKELASTYVN,1.43775516,0.136962583
LNWGAILKHIIK,0.86332286,0.09373143
AKKVFKRLPKLFSKIWNWK,0.495544338,0.284521817
GLFGKSSVWGRKYYVDLAGCAKA,0.104411023,0.254923894
AKKVFKRLGIGAVLWVLTTG,1.698970004,0.550916294
CLLKKLLKKLLKKC,1.873600887,0.133920149
GKGRWLERIGKAGGIIIGGALDHL,1.806179974,0.338959735
KRRGSVTTRYQFLMIHLLRPKKLFA,-0.10561077,0.264967622
HFLGTLVNKAKKIL,2.10720997,0.118818284
GVFTLLKGATQLIGKTLGKELGKTGLELMACKITNQC,1.053604985,0.296884536
AKKVFKRLEKLFSKIWNWK,0.795880017,0.185511891
IKIPAFVKDTLKKVAKGVISAVAGALTQ,1.903089987,0.551060938
FVPWFSKFLGRIL,0.494850022,0.055164715
RPKPQQFFGLM,0.77320213,0.667822999
DAEFRHDSGYEVRHQKLVFFAEDVGSNKGAIIGLMVGGVVIA,-0.764299212,0.427693563
ILGPVLGLVGSALGGLI,1.809974545,0.987753315
FFGSTIGALANFLPSLISKIRN,1.432026689,0.455349312
LNWGAILKHIKK,1.053078443,0.548788345
ASNFDCCLGYTDRILHPKFIVGFTRQLANEGCDINAIIFHTKKKLSVCANPKQTWVKYIVRLLSKKVKNM,0.639381814,0.227774985
QGVRNSQSCRRNKGICVPIRCPGSMRQIGTCLGAQVKCCRRK,0.837740784,0.323536145
GLGSVLGKALKIGANLL,1.698970004,0.350822841
INLLKIAKGIIKSL,1.817030849,0.871746127
CRFCCRCCPRMRGCGLCCRF,1.77815125,0.144763288
WPVVIRTVVAGYNLYRAIKKK,-0.023615052,0.392326546
GRFKRFRKKFKKLFKKLSPVIPLLHLG,0.752574989,0.969609157
ANFLPKIFCKITRKC,1.44800779,0.814800063
FLPVLAGLTPSIVPKLVCLLTKKC,1.397940009,0.426371818
INWKKIKSIIKAAMN,1.698970004,0.487479624
VIRTVVAGYNLYRAIKKK,1.554389695,0.213422781
GILSSLLKKLKKIIAK,1,0.565152318
RLARIVPIRVAR,2.245723879,0.231877761
SKCKCSRKGPKIRYSDVKKLEMKPKYPHCEEKMVIITTKSVSRYRGQEHCLHPKLQSTKRFIKWYNAWNEKRRVYEE,-0.251811973,0.127665795
CVHGGTNTARTACIAG,1.513791585,0.284230323
ALWKEVLKNAGKAALNEINNLV,1.505149978,0.815093077
GVLGTVKDLLIGAGKSAAQSTLKTLSCKISNDC,0.763427994,0.233097529
GGVCPKILKKCRRDSDCPGACICRGNGYCGSGSD,2.204119983,0.359800231
GKKLLKKLKKLLKKW,1.73225517,0.215975714
GLKALKKVFKGIHKAIKLINNHVQ,1.903089987,0.706937067
ILPWKWPWWPARR,-2.350281292,0.408964897
FVRWFSKFLGRIL,1.079181246,0.773102364
SVMGTVKDLLIGAGKSAAQSVLKSLSCKISNDC,0.849485002,0.754628269
RCYARRRFAVCR,0.82893879,0.273396037
FLPMLAGLAANFLPKIVCKITKKC,1.574031268,0.777368035
AGRGKQGGKVRAKAKTRSS,0.91559819,0.868022716
AALRGCWTKSIPPKPCSGKR,1.36361198,0.740026956
GIMSSLMKKLAAIIAK,0.924279286,0.595781213
GLPRKILCAIAKKKGKAKGPLKLVCKA,1.84509804,0.502933574
LLPPWLRPRNG,2.180927167,0.650434961
RFWPVVIRTVVAGYNLYRAIKKK,-0.675888557,0.951441748
KWKLFKKIFKCWRWQWRWKKLGA,2,0.631758344
FIPGLRRLFATVVPTVVCAINKLPPG,0.799340549,0.251464811
DGRGKQGGKVRAKAKTRSS,1.808962119,0.223595149
FLPAVIRVAANVLPTVFCAISKKC,1.698773395,0.827622726
GIMSSLMKKLAAHIAK,1.255272505,0.865780828
QHGYGAGGHGQQGYGSQHSSHAPQGGHVVREQGFSGHVHEQQAGHHHEAGHHEQAGHHEQSGQQVHGQGHGYKSHGY,1.477121255,0.565326066
GMASKAGSVLGKITKIALGAL,1.698970004,0.935084631
SGRGKTGGKARAKAKTRSSRAGLQFPVGRVHRLLRKGNYAQRVGAGAPVY,0,0.867573578
GLLGKLLKIAAKVGSNLL,0.77815125,0.777413293
HFLGTLVNLAKKIL,2.10720997,0.398955375
SALVGCWTKSYPPNPCFGRG,1.669316881,0.205947174
SFLSTFKELAINAAKNAGQSLLHTLSCKLDKTC,1.053604985,0.587414265
DSHEERRQGRHGHHEYGRKFHEKH,1.505149978,0.836722107
SRWPSPGRPRPFPGRPKPIFRPRPCNCYAPPCPCDRW,1.096910013,0.012951976
GLKKIFKAGLGSLVKGIKAHVAS,1.602059991,0.817938233
FWSFLVKAASKILPSLIGGGDDNKSSS,2,0.600271955
LLKKLLKKLLKL,1.637679123,0.765568756
DSMGAVKLAKLLIDKMKCEVTKAC,1.77815125,0.082212379
FVGAIAAALPHVISAIKNAL,2.079181246,0.985884362
ILGPVLGLDGNALGGLIKKI,1.707435755,0.734884488
GVLATVKNLLNGTGDGAAQSVLKTLSCKLSNDC,0.752574989,0.68008907
FLPAIVGAAAKFLPKIFCAISKKC,0.77815125,0.382065576
AKKVFKRLEKLFSKIYNYK,1.096910013,0.232040706
FLFSLIPSAISGLISAF,1.806179974,0.962247951
RLTYKPRTVTYTRGR,-0.193820026,0.2053623
AKKVSKRLEKLFSKIQNDK,2,0.636065485
LPFVAGVAAEMMQHVYCAASKKC,1,0.545229396
GLIDTIKNMALNAAKSAGVSVLNTLSCKLSKTC,1.150514998,0.600489629
SLLGTVKDLLIGAGKSAAQSVLKGLSCKLSKDC,1.278753601,0.016423592
LMDTVKNVAKNLAGHMLDKLKCKITGC,1.826074803,0.471243403
RLLRRLLRRLLRRLLRRLLR,0.469888659,0.039367545
GFMDTAKNVAKNMAVTLLDNLKCKITKAC,0.579783597,0.438880805
AQRHHGYKRQFH,1.708655713,0.365603659
LRLKSIVSYAKKVL,1.117623445,0.038517521
FIGPVLKIAAGILPTAICKIFKKC,0.265443642,0.047912015
SVLGTVKDLLIGAGKSAAQSVLTANSCKLSNSC,0.928666248,0.784523221
GFFDRIKALTKNVTLELLNTITGKLPVTPP,0.281105319,0.521438566
IWDAIFHGAKHFLHRLVNPGGKDAVKDVQQKQ,1.602059991,0.182595792
FLPLIGRVLSGIL,0.531478917,0.868925025
GFKDLLKKAAKALVKTVLF,0.77815125,0.630518489
GKWMSLLKHILK,0.811624645,0.964589534
LNWKAILKHIIK,0.602059991,0.553777366
NPVSCVRNKGICVPIRCPGSMKQIGTCVGRAVKCCRKK,0.166319393,0.170416785
FLSGIVGMLGKLF,1.204119983,0.436695592
PPCRGIFCRRVGSSSAIARPGKTLSTFITV,0.100370545,0.969124495
ALWKTLLKNVGKAAGKAALNAVTDMVNQ,1.338456494,0.761891066
HFLGTLKNLAKKIL,2.10720997,0.527460074
VKLFVYPLKVKLYP,0.545879924,0.588758036
FLPLLAGLAANFLPKIFCKITRKC,0.579783597,0.401121055
RRRPRPPYLPRPRPPPFFPPRLPPRI,1.096910013,0.63598704
VKLYVYPLKVKLYP,0.161617428,0.9505784
FSEAIKKIIDFLGEGLFDIIKKIAESF,2.10720997,0.333107131
GFMATAKNVAKNMDVTLLDNLKCKITKAC,0.612783857,0.711287911
ILGPVLGLVGNALGGLIKKL,0.684111151,0.98694176
AFKMALKLLKKVL,0.698970004,0.806992867
CIKNGNGCQPDGSQGNCCSRYCHKEPGWVAGYCR,1.238905201,0.465230022
GLLSGTSVRGSI,0.894946301,0.80284364
GWGSFFKKAAHVGKHVGKAALTHYL,0.903089987,0.432818349
LDVKKIICVACKIKPNPACKKICPK,1.383815366,0.961311222
GIGGALLNVGKVALKGLAKGLAEHFAN,1.087002972,0.849617767
GLFLDTLKGLAGKLLQGLKCIKAGCKP,1.662757832,0.691757241
RKGLQKLVGRVHRLLRK,0.890772012,0.595605844
PRPPRLPRPRPRPLPFPRPG,1.245512668,0.585874498
VWPLGLVICKALKIC,1.17884034,0.082121116
GILDAIKAFANALG,1.681684918,0.180081399
SFLSTFKKLAIDAAKNAGQSVLHTLTCKLDNQC,0.947684874,0.400528908
GMASLLAKVLPKVVKLIK,1.08278537,0.720662643
KAACAAKCLWR,2.214488476,0.183058068
AKRHHGLNCAKGVLA,1.006880181,0.640221919
FFVLKFLLKWAGKVGLEHLACKFKNWC,0.588118867,0.246349582
PIPRPLPFPRPGPRPIPRPLPFPRPGPRPIPRP,0.158362492,0.969989809
YPELQQDLIARLL,1.397940009,0.552873882
GLISGILGVGKMLVCGLSGLC,0.934498451,0.957806614
FIPGLRRLFATVVPTVVGAINKLPPG,0.362653328,0.499130203
SRSGRGSGKGGRGGSRGSSGSRGSKGPSGSRGSSGSRGSKGSRGGRSGRGSTIAGNGNRNNGGTRTA,0.397940009,0.943955143
PPRLPRPRPRPLPFPRPG,2.698970004,0.503797001
IPHAVKAISDLI,2.301029996,0.694797804
FLGAIAAALPHVINAVTNAL,2.079181246,0.541267318
RLNTTFRPLNFKMLRFWGQNRNIMKHRGQKVHFSLILSDCKTNKDCPKLRRANVRCRKSYCVPI,0.208385518,0.698464553
RCYCRRRFCVCVGR,1.247199282,0.103034485
VTADVLSFEAKGIAVNHSACALHCIALRKKGGSAQNGVCVCRN,1.096910013,0.849871656
GVLSNVIGYLKKLGTGALNAVLKQ,2.007548887,0.835438019
VKLKYPKVKLYP,1.938165249,0.643137463
VKLKVYPKLKVKLYP,1.245957757,0.53359668
SPGRPRPFPGRPKPIFRPR,1.397940009,0.61244491
LPFFLLSLIPSAISAIKKI,0.795880017,0.285645736
GLLDAIKDTAQNLFANVLDKIKCKFTKC,1.698970004,0.354441137
NALSMPRNKCNRALMCFG,0.489147725,0.893818707
IKKILSKIKKLLK,0.795880017,0.105673537
ALWKNMLKGIGK,1.602059991,0.712643045
RCYCRRRFCVCR,0.794540127,0.844865103
RAPAEDLARYYSALRHYINLITRQRY,0.176091259,0.971430876
GIFSKFAGKGLKNLFMKGAKTIGKEVGMDVLRTGIDIAGCKIKGEC,-0.286167799,0.579600847
FLPLAVSLAANFLPKLFCKITKKC,0.449146354,0.807940131
GFFDRIKALTKNVTLELLNTITCKLGVTGG,0.588544239,0.194259955
KILSSLLKKLKKIIAK,1.397940009,0.607123239
LLGMIKVAITAISALSKL,0.637721714,0.824151119
KKLFKKILKFL,1.249999541,0.521602592
GVLSVIKNALPGIMRF,0.77815125,0.473872207
FWGALAKGALKLIPSLFSSFSKKD,1.281033367,0.037599868
VRLRIRVAVRRA,0.612370606,0.003408456
KRFWPVVIRTVVAGYNLYRAIKKK,-0.695475296,0.042410271
GLLSGILGAGKNIVCGLSGLC,0.586063402,0.275375091
AILTTLANWARKFL,1.576907432,0.659538162
FLPAVLRVAAQVVPTVFCAISKKC,1.698773395,0.121436926
RILTMTKRVKMPQLYKQIVCRLFKTC,0.494982814,0.994277754
ILGPVLGLVGNALGGLIKKI,0.409953302,0.636955428
GLMDTVKNVAKNLAGHMLDKLKCKITGC,1.826074803,0.637777225
GILGKIWEGVKSLI,2,0.574882647
GIGGKILSGLKTALKGAAKELASTYLH,-0.045757491,0.239874918
YKLLKLLLPKLKGLLFKL,1.748400568,0.903727814
FLPILASLAATLGPKLLCLITKKC,1.544068044,0.463763919
GKWLSLLKHILK,0.939519253,0.340052366
RLWRIVVIRVAR,0.71644107,0.097339465
FIGMIPGLIGGLISAFK,1.698970004,0.843263593
DAACAAHCLWR,2.215956226,0.14541304
GVVTDLLKTAGKLLGNLVGSLSG,2.176091259,0.422229716
FLPVILPVIGKLLNGIL,1.698970004,0.510369187
ILGLVISTIGNVLGGLLKNL,1.697353186,0.698677534
RIKRFWPVVIRTVVAGYNLYRA,0.243146851,0.937792681
ALWKNMLKGIGKLAGKAALG,0.602059991,0.37226128
GILSSLLKKWKKIIAK,1.041392685,0.336183258
ISRLAGLLRKGGEKIGEKLKKIGQKIKNFFQKLVPQPE,1.806179974,0.001075506
KRLFKELLFSLRKY,2.037426498,0.721626412
AVNIPFKVHFRCKAAFC,1.150514998,0.092371092
VPAESEAAHLRVRRGFGCPLNQGACHNHCRSIRRRGGYCSGIIKQTCTCYRN,1.698970004,0.611577508
GILGNIVGMGKQVVCGLSGLC,0.707570176,0.25048168
GRGKQGGKVRAKAKTRSS,1.834871346,0.394496021
GLMDVFKGAAKNLLASALDKIRCKVTKC,2,0.65926214
GLMSTLKDFGKTAAKEIAQSLLSTASCKLAKTC,1.767381776,0.350634709
GRLKKLGKKIEGAGKRVFKAAEKALPVVAGVKALG,0,0.234578749
GFLGPLLKLGLKGVAKVLPHLIPSRQQ,1.397940009,0.954435858
GIFTLIKGAAKLIGKTVAKEAGKTGLELMACKITNQC,0.633468456,0.648951548
GLKALKKVFQGIHKAIKLINNHVQ,1.903089987,0.387247174
ALLHHGYKRKFH,0.725047375,0.311064037
GIFSKISGKAIKNLFIKGAKNVGKEVGIDVVRTGMDVVGCKIKGEC,0.602059991,0.202964421
AWKVFKRLGIGAVLWVLTWG,1.698970004,0.123207942
GFKDLLKGAAKALVKTVKF,1.079181246,0.009883521
YSRCQLQGFNCVVRSYGLPTIPCCRGLTCRSYFPGSTYGRCQRY,-0.22718425,0.862497976
HQFRFRFRVRRK,0.903089987,0.674562176
SGYLPGKEYVYKYKGKVF,1.326606257,0.760322475
GLWSTIKQKGKEAAIAAAKAAGQAALGAL,0.755874856,0.113294935
GILDTLKQFAKGVGKDLVKGAAQGVLS,1.56636393,0.277696549
GLFTLIKCAYQLIAPTVACN,0.619061639,0.422380805
GFWDSVKEGLKNAAVTILNKIKCKISECPPA,1.096910013,0.840950109
SFLSTFKELAINAAKNAGQSILHTLSCKLDKTC,0.698970004,0.457265338
FFGHLFKLATKIIPSLFQ,1.399673721,0.184760582
GIGGKILGGLKTALKGAAKELASTYLH,1.573791598,0.940528812
TDTNVIGECFDEWSRCHRQTRWWTKILFQSCENRCKCKVQLMGNCIKVPFKCFLWKQKRFMCECYGPISGTKPWYCGWEL,-0.112217628,0.425279973
FFSMIPKIAGGIASLVKNL,0.600660931,0.182823926
FLGGLLASLLGKI,0.491361694,0.603632181
KDLHTVVSAILQAL,1.520634071,0.689900913
LALKSGGWLRLFGLKDKKH,1.544068044,0.646845148
RKCNFLCKLKEKLRTVITSHIDKVLRPQG,0.454185352,0.954634405
VKRFKKFFRKLKKSVKK,1.464590476,0.637573108
HFKGTLVNLAKKIL,2.10720997,0.224234337
ILGKLLSTAAGLLSNL,1.806179974,0.457518589
INPFVAGVAAEMMQHVYCAASKKC,0.934498451,0.669248131
SGRGKQGGKVRAKAKTRSS,1.213067083,0.85481064
GIFSKFAGRGLKNLFMKGAKKIGKEVGMDVLRTGIDIAGCKIRGEC,1.007456865,0.753172323
GYGGHGGHGGHGGHGGHGGHGHGGGGHG,0.529759055,0.223175056
LVKRFKKFFRKLKKSV,1.794906407,0.560026767
GKWMKLLKHILK,0.653212514,0.698526981
FFRRFFRRFFRRFFRR,1.310710449,0.739677955
GIGKFLHSAKKFGKAFVGEIMNS,1.510938935,0.745706301
KWCFRVCYRGICYRRCR,-1.054758121,0.737360362
GLVTGLLKTAGKLLGDLFGSLSG,1.698970004,0.375211679
FGPVIGLLSGILKSLL,2.301029996,0.560604465
AKLKAYPLKAKLYP,1.493768944,0.475653276
FLPMLAGLAASMVPKLVCLITKKC,1.079181246,0.359926256
RLGNFFRKAKKKIGRGLKKIGQKIKDFLGNLVPRTES,1.204119983,0.979152971
FFGTLFKLGSKLIPGVMKLFSKKKER,1.096910013,0.015997955
RIKRFWPVVIRTVVAGYN,1.838713533,0.630589969
GLFSKFAGKGIKNFLNKGVKHIGKE,-0.112062449,0.7095652
ASENGKCNLLCLVKKKLRAVGNVIKTVVGKIA,0.745855195,0.599454054
AKKVFKRLEKSFSKIQNDK,1.698970004,0.96050152
LSKYGGECSVEHNTCTYLKGGKDHIVSCPSAANLRCKTERHHCEYDEHHKTVDCQTPV,0.903089987,0.285747492
ILGPVISTIGNALGGLLKNL,1.706999154,0.834180375
RLLRPLLQLLKQKLR,0.626997421,0.103386755
MKTFLRLYRSLINKVLHV,0.253414954,0.864655894
FLSLIPKIAGGIAALAKHL,0.315742118,0.328321523
DTLACRQSHGSCSFVACRAPSVDIGTCRGGKLKCCKWAPSS,0.270842574,0.234437425
GWASKIGQTLGKIAKVGLKELIQPK,1.972374309,0.710945839
PRPRPLPFPRPG,2.698970004,0.205409239
KFFKKLKKAVKKGFKKFAKV,1.92098885,0.676293067
GKKLLKKLKKLLKKG,2.763643069,0.016330699
AKQHHGYKQKFH,1.322460776,0.962582495
ATCDLLSGFGVGDSACAAHCIARRNRGGYCNAKKVCVCRN,1.079691178,0.895028568
FLGALWKVAKSVF,0.193124598,0.242389023
HFLGTLVNLAKKIK,2.10720997,0.1162553
FLQHIIGALGHLF,1.424881637,0.366141506
GVVTDLLKTAGKLLGNLFGSLSG,1.698970004,0.294834742
FLPLLLAGLPSFLCLVFKKC,2.709269961,0.929400642
FLSLIPHAINAVGVHAKHF,2.393000622,0.453893337
LRHKVYGYCVLGP,1.628702086,0.836589657
RTKRRIKLIKNGVKKVKDILKNNNIIILPGSNEK,1.301029996,0.363946752
KKVWFIFHVCPKLKQRIL,0.84544923,0.927520676
QCRRLCYKQRCVTYCRGR,-0.397940009,0.423530265
AKRHHGYKRKFH,0.296903495,0.572671635
RVVRQWPIGRVVRRVVRRVVRF,-0.746538597,0.886099592
KVVVKWVVKVVK,2,0.693431933
GLLDTLKGAAKNVVGSLASKVMEKL,2.301029996,0.865807008
KRFKKFFKKVKKSVKKRLKKIFKKPMVIGVTIPF,1.300788438,0.292674171
GILGNIVGMGKKIVCGLSGLC,0.491361694,0.968706701
GFKDLLKGAAKALVKTVLF,2,0.875155673
DAACAAKCLWR,2.219169616,0.497304496
LNLKGLFKKVASLLT,0.875061263,0.254199515
KIFGAIWPLALGALKNLIK,0.903089987,0.439809521
VRLRIRVRVIRK,0.903089987,0.238305824
FLPAIAGVAAKFLPKIFCAISKKC,0.84509804,0.607911794
KRRHWFPLSFQEFLEQLRRFRDQLPFP,1.503617799,0.24731946
GILDTLKNLAKTAGKGILKSLVNTASCKLSGQC,1.301029996,0.913175491
GFLDVIKHVGKAALGVVTHLINQ,1.119569245,0.018668968
GILDTLKQFAKGVGKDLVKGAAQGVL,1.580525611,0.19806213
GLLDGILNANFNAAKSAGTSVLNALSCKLSKTC,1.485721426,0.02900137
PAEDLARYYSALRHYINLITRQRY,0.176091259,0.968744055
FKRLEKLFSKIQNDK,2.301029996,0.538969404
GWKKWFTKGERLSQRHFA,1.451577412,0.078585553
ATAWDFGPHGLLPIRPIRIRPLCGKDKS,0.77945191,0.531000545
GWKKWLRKGAKHLGQAAIKGLAS,0.903089987,0.386145148
KKAAHVGKHVGKAALTHYL,1.602059991,0.324756595
GIMSLFKGVLKTAGKHVAGSLVDQLKCKITGGC,2,0.06454649
GLKKIFKAGLGSLKKGIAAHVAS,1.602059991,0.252839692
VTCDILSVEAKGVKLNDAACAAHCLFRGRSGGYCNGKRVCVCR,1.342437199,0.570902073
EPILGIITSLLKSL,1.824827579,0.982155129
GIGGKILGGLRTALKGAAKELAATYLH,1.571840462,0.081410296
GLLSKFGRLARKLARVIPKV,0.602059991,0.065627471
LLIILRRRIRKQAHAHSK,1,0.319085011
FLFSLIPSVIAGLVSAIRN,1.505149978,0.75942786
FTCAISCDIKVNGKPCKGSGEKKCSGGWSCKFNVCVKV,0.301029996,0.361178813
GLFSKFAGKGIKDLIFKGVKHIGKEVGMDVIRVGIDVAGCKIKGVC,0.431363764,0.469456168
HPLKQYWWRPSI,0.889852836,0.211317611
GFLGSLLKTGLKVGSNLL,2,0.22610013
MLWSASMRIFASAFSTRGLGTRMLMYCSLPSRCWRK,-0.244125144,0.753822174
FDLLGLVKSVVSAL,2,0.6207772
SRWPSPGRPRPFPG,2,0.534521495
RPDFCLEPPYTGPCKARMIRYFYNAKAGLCQPFVYGGCRAKRNNFKSSEDCMRTCGGA,1,0.74570257
GRPRPFPGRPKPIFRPR,1.397940009,0.969172851
VRRFGWWWGFLRR,1.24457143,0.03126181
RKFHEKHHSHRGYR,1.318048558,0.146031055
FLPIPRPILLGLL,1.233029799,0.487258642
FLWGLIPGAISAVTSLIKK,0.996873007,0.851575111
KRIVKLILKWLR,0.998880259,0.632160483
FLPILINLIHKGLL,2.176091259,0.638969137
SFLDKFKDVAIGVAKGAGTGVLKALLCKLDNSC,2.176091259,0.503694182
GWLKKIGKKIERVGQHTRDATIQGLGIAQQAANVAATAR,2.301029996,0.647973296
AKAWGIPPHVIPQIVPVRIRPLCGNV,1.397940009,0.197172851
FFGWLIKGAIHAGKAIHPLIHRRRH,1.133538908,0.48927589
RLKKIGKVLKWI,2.10720997,0.903357468
GSTLACRQSHGSCSFVACRAPSVDIGTCRGGKLKCCKWAPSS,0.869971099,0.396100663
NVTPATKPTPSKPGYCRVMDELILCPDPPLSKDLCKNDSDCPGAQKCCYRTCIMQCLPPIFRE,-0.074444431,0.244849354
RECKTESNTFPGICITKPPCRKACISEKFTDGHCSKILRRCLCTKPC,0.361727836,0.405506567
IKLSPKTKDNLKKVLKGAIKGAIAVAKMV,2,0.543076692
FLPLLAGLAANFLPTIICKISYKC,1.28229181,0.483073447
GFKMALKLLKKVL,0.740362689,0.652340153
GILDTFKNMALNAAKSAGVSVLNALSCKLSKTC,0.928666248,0.397409974
RFRPPIRRPPIRPPFRPPFRPPVRPPIRPPFRPPFRPPIGPFP,0.763612441,0.844189862
FLPIIAGIAAKVFPKIFCAISKKC,0.84509804,0.528928541
GILSKLLKKLKKIIAK,1.653212514,0.230401285
GLMSVTKGVLKTAGKHIFKNVGGSLLDQAKCKISGQC,2,0.33417249
IDPFVAGVAAEMMQHVYCAASKKC,1.104757507,0.301152915
KWKKPLLKKLLKKL,1.096910013,0.175600796
FAPLIGRVLSGIL,1,0.407461338
GGVCPKILQRCRRDSDCPGACICRGNGYCGSGSD,2.204119983,0.768967154
FLPIVGKLLSGLSGLS,0.193565224,0.234218224
GMWSKIKNAGKAAAKAAAKAAGKAALDAVSEAI,1.004321374,0.970755752
KVFKRLEKLFSKIQNDK,2.301029996,0.678594309
FLPKLFAKITKKNMAHIR,0.204119983,0.650392277
VVKCSYRLGSPDSQCN,1.387258483,0.626339504
ILGKIWEGIKSLF,1.096910013,0.878259238
FFGWLIKGAIHAPKAIHPLIHRRRH,1.477121255,0.09285939
GLLSGILGAGKHIVCGLSGLR,-0.264266022,0.983396157
GLLDSVKEGLKKVAGQLLDTLKCKISGCTPA,1.096910013,0.443106684
APDRPRKFCGILG,2.145788359,0.396013714
GRILSFIKGLAEHL,0.80859197,0.221238581
SIRDKIKTMAIDLAKSAGTGVLKTLICKLDKSC,0.453179761,0.569250843
RIKRFWPVVIRTVVAG,1.897951613,0.276880351
GIFNVFKGALKTAGKHVAGSLLNQLKCKVSGEC,1.602059991,0.002803954
RICRCRIGRCLGLEVYFGVCFLHGRLARRCCR,0.875061263,0.138188512
HFLGTKVNLAKKIL,2.10720997,0.937323686
SMISVLKNLGKVGLGFVACKVNKQC,2.041392685,0.690543011
HNSSKQWSHWLWHNGIRI,1.447006622,0.002272117
FLGMIPGLIGGLISAFK,1,0.385651887
FLPILASLAAKFGPKLFSLVTKKS,1.397940009,0.39000835
AKKVFKRLEKLFSKIWNDK,1.096910013,0.894553673
GKLFKKILKIL,0.377178677,0.056528786
LLAGLAANFLPKIFCKITRKC,0.430222915,0.727524668
INLKAIAALAKKLL,1,0.548347495
GLLDTFKNMAINAAHGAGVSVLNALSCKLKKTC,0.795532304,0.691012501
FLQHIIGALTHIF,2.017033339,0.958871521
GLWNSIKIAGKKLFVNVLDKIRCKVAGGC,2,0.31702795
ILGKLLKTAAGLLSNL,2.10720997,0.815367139
LIGSLVRGILPLF,2.262811552,0.445153831
RGVRPVVQGVKEKVR,1.573938057,0.230073438
GLLSVLKGVLKTTGKHIFKNVGGSLLDQAKCKISGQC,2,0.093802192
TVKCGMNGKMPCKHGAFYTDTCDKNVFYRCVWGRPVKKACGRGLVWNPRGFCDYA,0.826074803,0.951659619
GWANTLKNVAGGLCKITGAA,1.586086665,0.842381437
GWLDVAKKIGKAAFNVAKNFI,0.903089987,0.657494794
INLKAIAPLAKKLL,1.301029996,0.309015224
ILPFVAGVAAEMMEHVYCAASKKC,1.113943352,0.88624052
SRSEKAGLQFPVGRIGRMLKK,1.096910013,0.433844654
KMDSRWRWKSSKK,1.666801937,0.28893144
GLFNVFKGALKTAGKHVAGSLLNQLKCKVSGGC,1.602059991,0.341122134
RLKELITTGGQKIGEKIRRIGQRIKDFFKNLQPREEKS,1.096910013,0.359741695
FFPIIAGMAAKVICAITKKC,0.795532304,0.62000388
RIIDLLWRVWRPWWPKFVTVWVR,0.397940009,0.006959187
GLLKKLLKIAAKVGKKLL,0.477121255,0.19262909
GILSGVLGMGKKIVCGLRGLC,0.556302501,0.620725258
RRWCFRVCYKGFCYRKCR,0.413565202,0.294894254
LKKLKGRVSRSFLFFVKLRPAKRTLKKRIL,1.741298152,0.89437275
FLPIVGKLLSGLSGLL,0.601520652,0.729790135
GVFTLIKGATQLIGKTLGKELGKTGLEIMACKITKQC,1.053604985,0.0699878
FLPKMSTKLRVPYRRGTKDYH,0.76211372,0.704450829
GGLKKLGKKLEGAGKRVFNAAEKALPVVAGAKAL,1.397940009,0.767073498
GIGDPVTCLKSGAICHPVFCPRRYKQIGTCGLPGTKCCKKP,0.025847962,0.333097864
FALGAVTKRLPSLFCLITRKC,-0.007096442,0.502390406
TRSSRAGLQFPVGRVHRLLRK,-0.386471748,0.258733226
VKLNVYPLKVKLYP,0.980344449,0.264731869
YVSCLFRGARCRVYSGRSCCFGYYCRRDFPGSIFGTCSRRNF,-0.214722661,0.701580743
KGRGKQGGKVRAKAK,-0.195586792,0.554616222
GLFSILKGVGKIALKGLAKNMGKMGLDLVSCKISKEC,1.69019608,0.236795126
GFRDVLKGAAKAFVKTVAGHIAN,2,0.997957315
SMLSVLKNLGKVGLGFVKCKINKQC,1.301029996,0.781259837
RVRRFWPLVPVAINTVAAGINLYKAIRRK,-0.15490196,0.050747756
RLARRVVIRVAR,1.931129369,0.973175654
FRRPFKWPRRFFKFF,0.954242509,0.330629278
LLKKLLKKLLKKLLKK,1.40923516,0.87136253
GAFGNFLKGVAKKAGLKILSIAQCKLSGTC,0.315205579,0.808327932
GCRRLCYKQRCVTYCRGR,0.602059991,0.680002861
TSRCYIGYRRKVVCS,0.688886692,0.62939062
WGHKLRSSWNKVKHAVKKGAGYASGACRVLGH,1.698970004,0.562768928
FLSTLLNVASKVVPTLFCKITKKC,2.176091259,0.507336729
VKLKYPLKVKLYP,1.304021681,0.254683423
RIKRFWPVVIRTVVAGYNLYRAI,-0.075855707,0.770070042
YKLLKLLLPKLKPLLIKL,1.747176004,0.946927452
KWCRCVCRRGICYCRCRG,1.049218023,0.622941839
GMASKLAKVLPHVVKLIK,1.750508395,0.347251403
FLPLLLAGLPKFLCLVFKKC,1.204119983,0.960839227
FLGALWEVAKSVF,1.096910013,0.289719796
GWGSIFKHGRHAAKHIGHAAVNHYL,1.505149978,0.994604466
GMASLLAKVLPHVVKLIK,1.397940009,0.683249763
VKLKVYPLKVKLYP,0.564981402,0.194505869
GIGKFLHAALLFAKAFVAEIMNS,1.008965127,0.72768702
FMPIIGRLMSGSL,1.324292031,0.151698663
GIFSTVFKAGKGIVCGLTGLC,1.698970004,0.971602654
GKCNVLCQLKQKLRSIGSGSHIGSVVLPRG,0.041392685,0.309797391
GRRRRSVQWCA,1.969040707,0.16418488
CVHWGTNTARTACIAP,1.46828124,0.240689626
GFGMALKLLKKVL,0.903089987,0.647298128
DSHAKRHHGYKR,1.729432866,0.270360611
GFMDTAKNVAKNMAGNLLDNLKCKITKAC,0.397940009,0.11743483
ILGPVIKTIGGVIGGLLKNL,0.978489411,0.489017052
DCTRWIIGINGRICRD,1.598327846,0.947410008
TRSSRAGLQFPVGRVHR,2.123995578,0.105879891
SPAIWGCDSFLGYCRLACFAHEASVGQKECAEGMLCCIPNVF,0.122221938,0.110190265
RLYRRLYRRLYRRLYR,0.278753601,0.106609193
LVQRGRFGRFLKKVRRFIPKVIIAAQIGSRFG,0.113943352,0.751864128
GMATKAGTALGKVAKAVIGAAL,2,0.339047812
QQRFEWEFEQQ,2.517646465,0.066174434
KKKVVFKVKFKKK,0.281990909,0.882704624
SNFDCCLGYTDRILHPKFIVGFTRQLANEGCDINAIIFHTKKKLSVCANPKQTWVKYIVRLLSKKVKNM,-1.045757491,0.723046793
HFLGTLVKLAKKIL,1.204119983,0.991489174
HLNKRVQRELIGWLDWLK,1.806179974,0.544994202
PKRKAEGDAKGDKAKVKDEPQRRSARLSAKPAPPKPEPKPKKAPAKKGEKVPKGKKGKADAGKEGNNPAENGDAKTDQAQKAEGAGDAK,1.0333253,0.015644675
SRSELIVHQRLF,0.828360882,0.777741344
YPLKVKYPKLKV,1.529925283,0.237682928
DDALRRLLRRLLRRL,0.491361694,0.071385646
GIGKFLHSAGKFGKAFLGEVMKS,2,0.786775645
RRSKARGGSRGSKMGRKDSKGGSRGRPGSGSRPGGGSSIAGASRGDRGGTRNA,0.361727836,0.430400279
FLSTLLKVAFKVVPTLFCPITKKC,0.241154115,0.576409
ILGKLLSTAAKLLSNL,1.204119983,0.151889094
KWKLFKKIPKFLHLAKKF,-0.060870674,0.456787468
ILGPVISTIGGVLGGLLKNL,0.366673886,0.20970161
GKWMTLLKHILK,0.84509804,0.977080894
KKLIKKILKIL,0.36496323,0.256375687
GLLDTIKNMALNAAKSAGVSVLNSLSCKLSKTC,0.928666248,0.540226469
LKGCWTKSIPPKPCF,0.439424262,0.420959472
GVFTLIKGATQLIGKTLGKELGKTGLELMACKITEQC,0.556302501,0.543856241
AKAKAYPAKAKAYP,2.13142941,0.455319111
GLFSKFSGKGIKNFLIKGVKHIGKEVGMDVIRTGIDVAGCKIKGEC,0.113943352,0.831515712
GWKKWLRKGAKHLGQAAIK,0.903089987,0.322652962
SLLGTVKDLLIGAGKSAAQSVLKGLSGKLSKDC,1.423477663,0.05123849
GILSGILGVGKKLVCGLSGLC,0.762396537,0.762269048
SPAIWGCDSFLGYCRLACFAHEASVGQKECAEGMLCCIPNV,0.136571564,0.819809902
FLPLFLPKIICVITKKC,0.977087644,0.067576313
DLIWKLLSKAQEKFGKNKSRSFQLFGSPPGQR,-0.301029996,0.283971821
FLGELWNVWKSVF,0.795880017,0.119215694
FLPIAGKLLSGLSGLL,-0.10692927,0.565194471
GLLRKGGEKIGEKLKKIGQKIKNFFQKLVPQPEQ,1.698970004,0.26154773
KKLIKVFAKGFKKAKKLFKGIG,2.014110885,0.210817222
KVFKRLEKLFSKI,1.397940009,0.168181052
LLGMIPVAIKAISALSKL,0.939692988,0.247379509
FLPLKKLRFGLL,0.795880017,0.420938728
KGRGKQGGKVRAKAKTRSS,-6.81E-05,0.355012064
WGEAFSAGVHRLANGGNG,1.852174904,0.461915577
KLVKRFKKFFRKLKKS,1.487774829,0.051927417
GLFSKFAGKGIKNFLIKGVKHIGKEVGMDVIRVGIDVAGCKIKGVC,0.230448921,0.464349661
LDVKKIICVACKIRPNPACKKICPK,1.271841607,0.483722109
SMLSVLKNLGKVGLGFVACKINKQC,1.84509804,0.912143609
ALHKTMLKKLGTMAL,1.653212514,0.532921778
RIKRFWPVVIRTVVAGYNLYRAIKK,-0.11401294,0.919397582
LVKKLLKLAMGFG,1.397940009,0.659445822
GKLNLFLSRLEILKLFVGAL,1.455010175,0.730147756
FKCRRWQWRWKKLGAKPVPIIYCNRRTGKCQRM,1.183440555,0.352014462
FLPKLLAGLPSFLCLVFKKC,0.903089987,0.872432719
LLQWLSKLLGRWL,1.079181246,0.775409358
INLKAITALAKKLL,1,0.829290065
GFMKYIGPLIPHAVKAISKLI,2,0.321676167
VTCDVLSFEAKGIAVNHSAAALHCIALRKKGGSCQNGVAVCRN,1.096910013,0.123657935
ILPFVAGVAAMEMEHVYCAASKKC,0.849485002,0.867262642
VKRFKKFFRKLKKSVKKL,1.442767138,0.786910314
WKKIPKFLHLAKKF,2.301029996,0.854238354
ILGAILPLVSGLLSNKL,1.806179974,0.765954872
GVVKVSRLKGESLRARL,0.728569217,0.378945279
RAGLQFLVGRVHRLLRK,0.898887824,0.732049377
ILGPVLSMVGSALGGLIKKI,0.007341787,0.590438981
IKKIVSKIKKLL,1.096910013,0.799936788
GALRGCWTKSYPPKPCK,1.342422681,0.813270252
FFGRLKSVWSAVKHGWKAAKSR,1.548455007,0.016123129
QGSPARCRFCCRCCPRMRGCGICCRF,1.681241237,0.23727855
AKAGGIGGHVIGQIVGVRIRGLGGNV,1.30876647,0.34755708
AKRHHGYKRKFHAKRHHGYKRKFH,-0.600886383,0.918905108
VNWKKILGKIIKVVK,1.505149978,0.912210598
GLPVCGETCFGGTCNTPGCACDPWPVCTRD,2.204119983,0.317892924
FLPLAGRVLSGIL,1.301029996,0.813560138
GIFSKISGKAIKNLFIKGAKNVGKEVGMDVVRTGIDVVGCKIKGEC,0.643452676,0.290030738
IIKVPLKKFKSMREVMRDHGIKAPVVDPATKY,0.432212121,0.655174399
RIFSKIGGKAIKNLILKGIKNIGKEVGMDVIRTGIDVAGCKIKGEC,1.698970004,0.525750316
FIGMIPGLIGGLISAIK,1.397940009,0.357060291
GWLDVAKKIGKAAFNVAKNFL,1.737192643,0.594034342
GIWDTIKSMGKVFAGLILQNL,1.096910013,0.2797491
FRSGILKLASKIGSVLCAVLKNC,1.013949166,0.310459701
LVKDNPLDISPKQVQALCTDLVIRCMCCC,1.397940009,0.648380536
GLPCGESCVFIPCITTVVGCSCKNKVCYNN,2.204119983,0.151080211
GILDPIKAFAKAAG,1.506217823,0.116786493
FFPLIAGLAARFLPKIFCSITKRC,0.566493462,0.087698796
AKKVFKRLEKLFSKIQNWK,1.096910013,0.053962971
GWRLLLKKAEVKTVGKLALKHYL,0.451544993,0.562479112
GIGTKILGGVKTALKGALKELASTYVN,0.889075625,0.050894866
LPVNSPMNKGDTEVMKCIVEVISDTLSKPSPMPVSKECFETLRGDERILSILRHQNLLKELQDLALQGAKERTHQQ,1,0.46876185
GLLDTIKGVAKTVAASMLDKLKCKISGC,1.544068044,0.315337223
GLGSVFGRLARILGRVIPKV,0.602059991,0.820646863
GVFTLIKGATQLIGKTLGKELGKTGLELMACKITNQC,0.444630771,0.543811549
KGGGKWGGKGGK,0.494850022,0.252854457
FKRLKKLFKKIWNWK,0.903089987,0.277100064
FLPGLIKAAVGIGSTIFCKISRKC,1.698970004,0.397793011
YPVKLKYPKVKL,1.45420457,0.463611463
GIGGALLSAGKSALKGLAKGLAEHFAN,1.096910013,0.181309167
WLRAFRRLVRRLARGLRR,0.531478917,0.554665122
DYDWSLRGPPKCATYGQKCRTWSPPNCCWNLRCKAFRCRPR,-0.737870414,0.602361357
DTLIGSCVWGATNYTSDCNAECKRRGYKGGHCGSFLNVNCWCE,0.929418926,0.432418355
WGRAFRRGVRRLARGGRR,1.467163966,0.337017558
PLPFPRPGPRPIPRP,1.484299839,0.03005582
KWCFCVCYRGICYCRCRG,1.235528447,0.09312188
ILGKLLKTAAKLLSNL,0.903089987,0.75875008
VIPFVASVAAEMMQHVYCAASKRC,0.281976631,0.954932422
RLARIVVIRVRR,0.725009157,0.684583972
INWKGIAAMKKLL,0.703078052,0.500510608
SISCKAGRVGCFASCQVQNCATGYCRGSTCVCSRCGKGTTPFNKFKIWNQLRVLVQKMVDEERA,0.082701997,0.287829198
GLLSGVLGVGKKVLCGLSGLC,0.375020452,0.547207657
RAGLQFPVGRVHRLL,2.172952669,0.520788113
FLSLIPAAISAVSALANHF,2.11993251,0.902111904
FLPAVLLVATHVLPTVFCAITRKC,0.832508913,0.447122519
GMASKAGSVLGKVAKVALKAAL,1.698970004,0.245696059
AAPRGGKGFFCKLFKDC,1.733957731,0.095907167
GLFSKFAGKGIVNFLIEGVE,1.326606257,0.609235879
FLGGILNTITGLL,2.301029996,0.882096961
VGRKHSILNCIPYLKKKKIMRL,0.48159751,0.147178307
SRSELIVHQRRC,1.634834287,0.943212173
VNWKKILGKIIKVAK,1,0.268838714
FLSLALAALPKFLCLVFKKC,1.505149978,0.813899647
GIMSIVKDVAKTAAKEAAKGALSTLSCKLAKTC,1.781336667,0.090093816
FFPIVGKLLSGLL,0.551680452,0.01907999
RRWRIVVIRVRR,0.380633338,0.018896795
AKKKGKCKGPLKLVAKC,2,0.699016178
RLPRPRPRPLPFPRPG,2.698970004,0.759225075
GWKKWFNRAKKVGKTVGGLAVDHYL,0.602059991,0.975165894
AALKGCWTKSIPPKPCSGKR,1.369215857,0.429174998
GLFSKFVGKGIKNFLIKGVKHIGKEVGMDVIRVGIDVAGCKIKGVC,0.079181246,0.916959948
VTCELLMFGGVVGDSACAANCLSMGKAGGSCNGGLCDCRKTTFKELWDKRFG,0.269512944,0.303075656
NDAACAAHCLFRGRSGG,1.768052541,0.308563336
AKRLLGYKRKFL,0.394184795,0.354013697
FLGMLLHGVGHAIHGLIHGKQNVE,1.051152522,0.804309697
SMLSVLKNLKKVKLKFVACKINKQC,2.301029996,0.864958504
GLMSVLKGVLKTAGKHIFKNVGGSLLDQAKCKITGQC,2,0.674413927
GKLSSLWKKLKKIIAK,1.531478917,0.923400782
GLWSKIKEVGKEAAKAAAKAAGKAALGAVSEAV,0.886418649,0.422718344
GIGSAILSAGKSIIKGLAKGLAEHF,1.716003344,0.726308392
FRSGILKLASKIPSVLCAVLKNC,1.397940009,0.41234243
GWGSFFKKAAHVGKHVGKA,1.602059991,0.368617401
GVLGTVKNLLIGAGKSAAQSVLKTLSCKLSNDC,2,0.081495925
GIGGALLSVGKLALKGLANVLADKFAN,1.157209909,0.508966331
YPSKPDNPGEDAPAEDLARYYSALRHYINLITRQRY,1,0.360429996
KAACAAHCLWR,2.21130941,0.92560149
GLWNSIKIAGKKLFVNVLDKIRSKVAGGS,2,0.457021778
GLFDIIKKIAESFKFSEAIKKIIDFLG,2.10720997,0.094251803
FLGPIIKMATGILPTAICKGLKKC,0.298050349,0.208172499
FIKWKFRWWKWRK,0.477121255,0.597377728
KWKKLLKKPLLKK,1.397940009,0.52467214
PLPFPRPGPRPIPRPLPFPRPGPRPIPRP,-0.301029996,0.572635397
FRRFFKWPRRFFKFF,0.954242509,0.980698467
RIIDLLWRVWRPWKPKFVTVWVR,1,0.897724083
ATNIPFKVHFRCKAAFC,1.672097858,0.342748016
GLFTKFAGKGIKDLIFKGVKHIGKEVGMDVIRVGIDVAGCKIKGVC,0.447158031,0.183346222
GGLRSLGRKILRAWKKYGPQATPATRQ,0.903089987,0.236913408
IKLSKKTKDNLKKVLKGAIKGAIAVAKMV,2,0.541984026
GCRALCYKQRCVTYCRGA,1.505149978,0.959228914
HSDAVFTDNYTRLRKQMAVKKYLNSILN,1.145428675,0.442288877
AKRHHGYHRKFH,0.280181455,0.894409128
GIFGKILGAGKKVLCGLSGLC,1.798745573,0.463697629
IRIKIRIKIRIK,1.906568536,0.497035588
FIFPKKNIINSLFGR,1.204119983,0.331379761
AVVKVPLKKFKSIRETMKEKGLLEDF,1.517890418,0.059383244
KKKKWKLFKKIGIGKFL,1.096910013,0.033581829
RIIDLLWRVRRPQWPKFVTVWVR,1,0.626423022
DLRGACAAAHAL,2,0.302747501
GILDSFKGVAKGVAKDLAGKLLDKLKCKITGC,2.176091259,0.849360298
FAVWGCADYRGYCRAACFAFEYSLGPKGCTEGYVCCVPNTF,1.559857535,0.7057437
KRLFKKLLKFSLRKY,-0.698970004,0.328801168
KKCKFFCKVKKKIKSIGFQIPIVSIPFK,0.462397998,0.74244437
GIMSSLMKKLAAHIKK,0.698970004,0.593198174
TVKCGMNGKMPCKHGAFYTDTCDKNVFYRCVWGRPVKKHCGRGLVWNPRGFCDYA,0.792391689,0.10017909
GRRKRKWLRRIGKGVKIIGGAALDHL,0.451544993,0.85466443
FVQWFSKFLGRIL,1.079181246,0.806777937
FFGTALKIAANVLPTAICKILKKC,1.2900176,0.661899336
GIGSILGVIAKGLPTLISWIKNR,1.301029996,0.565016591
RIIDLLWRVRRPWKPKFVTVWVR,1,0.618459171
FLSLIPKIATGIAALAKHL,0.301029996,0.859520021
KRFHSVGSLIQRLQQMIRDLSEATRHGIRKITRPKLLLAS,1.508126663,0.475322624
GFCWYVCVYRNGVRVCYRRCN,0.485275511,0.448070015
GVLSAFKNALPGIMKIIV,0.77815125,0.805622453
TPAEDLARYYSALRHYINLITRQRY,1.079181246,0.270540533
KWKLFKKIPKFLHLAK,1.698970004,0.349376619
FLGLIFHGLVHAGKLIHGLIHRNRG,1.982271233,0.738374707
KRMGIFHLFWAGLRKLGNLIKNKIQQGIENFLG,1.221670601,0.631753629
SPAGCRFCCGCCPNMRGCGVCCRF,1.77815125,0.650228471
GILSGLLGVGKMLVCGLSGLC,0.709638644,0.034230685
SIITMTKEAKLPQLWKQIACRLGNTC,0.706631331,0.048125085
ILGPVISKIGGVLGGLLKNL,0.485577485,0.921496663
RWRSFFKKAAHRGKHVGKRARTHYL,0.397940009,0.030398049
GFKDLLKGAAKALKKTVLF,1.079181246,0.71424308
VRLWIRVAVIRA,1.537062046,0.968266426
AKAGGIPPHVIPQIVPVRIRPLCGNV,0.966211156,0.890877059
RRSRRGRGGGRRGGSGGRGGRGGGGRSGAGSSIAGVGSRGGGGGRHYA,1.050344403,0.458036969
FFPSIAGLAAKFLPKIFCSITKRC,-0.424760932,0.286678894
GILGNIVGMGKKVVCGLSGLC,0.826074803,0.587808192
FFPTIAGLTKLFCAITKKC,1.301029996,0.593094699
FFPLLFGALSSHLPKLF,0.28750198,0.882745688
GFMKYIKPLIPHAVKAISKLI,1.698970004,0.642843199
FFSLIPSLVGGLISAFK,1.541579244,0.730484472
AALRGCWTKSIPPKPCPGKR,1.664641976,0.84648586
KRIGLIRLIGKILRGLRRLG,1.444091257,0.676142636
RKGWFKAMKSIAKFIAKEKLKEHL,1.698970004,0.170792288
KFFRKLKKSVKKRAKEFFKKPRVIGVSIPF,0.672097858,0.407168224
GIMSSLMKKLKKIIAK,0.903089987,0.361942207
VAIYGRDDRSDVCRQVQHNWLVCDTY,1.807932636,0.32171064
GCRFTVKPYIKRIQLHYKGKMWCG,1,0.006971236
ACDFQQCWVTCQRQYSINFISARCNGDSCVCTFRT,0.789889285,0.111078676
FLFSLIPSAIAGLVSAIRN,1.505149978,0.96508124
RIKRFWPVVIRTVVAGYNLY,1.661822944,0.158772529
RLWRIVVIRVKR,0.851258349,0.468699111
RLWRRWRRWLR,1.505149978,0.931268686
IFGAILPLALGALKNLIK,1.222716471,0.429068002
GFMNTAKNVAKNVAVTLLDNLKCKITGGC,1.104757507,0.644670153
VRLEFKLQQTSCRKRDWKKP,0.393313207,0.547847442
ILPWKWPWAPARR,-2.923504439,0.461446599
RRWCFRVCYRGRFCYRKCR,-0.116465828,0.87003634
FIPLVSGLFSRLL,0.451544993,0.642702721
FLGALWNVWKSVF,0.193124598,0.796118736
YPCKLNLKLGKVPFH,1.561371261,0.582677086
GWFKKAWRKVKNAGRRVLKGVGIHYGVGLI,1.877392435,0.377005438
SIPCGESCVFIPCTVTALLGCSCKSKVCYKN,2.698970004,0.789238167
RLARIVKIRVAR,1.329747861,0.077347657
VVKCSYRQGSPDSR,2.101891576,0.39167673
KKCGFFCKLKNKLKSTGSRSNIAAGTHGGTFRV,2.301029996,0.162402243
AGLQFPVGRIGRLLRK,0.799340549,0.391255222
NYISFFRKCKNSQST,1.545384467,0.120481293
RIKRFWPVVIRTVVAGY,1.561090942,0.366350251
GILDTLKQFAKGVGKDLVKGAAQG,1.617119193,0.08130401
DDALKKLLKKLLKKL,0.491361694,0.786817404
GLLSGILGAGKQKVCGLSGLC,0.374812514,0.471675127
FLPIVASLAANFLPKIICKITKKC,2,0.573886187
IIPFVAGVAAEMMEHVYCAASKKC,1.191907683,0.316491576
FLFSLIPHAIGGLISAFK,1.806179974,0.976324838
HRKKHHGKRNSNRAHQGKHETYGHKTPY,0.204119983,0.156382069
NLKAIAALAKKLL,1,0.662812563
SVMGTVKDLLIGAGKSAAQSVLKALSCKLSKDC,1.021189299,0.830036434
FLPILGKLLSGLL,1.903089987,0.534032377
GRFRRLRKKTRKRLKKIGKV,1.806179974,0.672898081
GIWDTIKSMGKVFAGAILQNL,1.397940009,0.043791143
GIWKTIKSMGKVFAGKILQNL,0.77815125,0.332719448
GILSTVFKAGKGIVCGLSGLC,2,0.113274454
VKLVKYPKLKVKLYP,1.546987752,0.13274363
FFSMIPKIAGGIASLVKNLG,0.588484546,0.555041856
APGNKAECEREKGYCGFLKCSFPFVVSGKCSRFFFCCKNIW,0.121359696,0.90415055
LIQRGRFGRFLGRIRRFRPRINFDIRARGSIRLG,0.958306298,0.154143523
FLPAIAGMAAKFLPKIFCAISKKC,1,0.556303021
FLGSIVGALASALPSLISKIRN,1.698970004,0.135575816
GIGGVLLSAGKAALKGLAKVLAEKYAN,0.176091259,0.288474012
GLLSGILGAGKHIVCGLSGLC,0.580950731,0.732590186
KVFKRLEKLFS,2.301029996,0.570028632
AFFARLLASVRAAVKAFAKKPRLIGLSTLL,1.365865975,0.92831304
ALWFTMLKKLGTMALHAGKAALGAAANTISQGTQ,1,0.791324154
GTLPCGESCVWIPCISSVVGCSCKSKVCYKD,1.301029996,0.360273325
VRFRIRVAVIRA,0.615050758,0.620595621
RKKTRKRLKKIGKVLKWI,0.903089987,0.189130042
LVKLVAGIKKFLKWK,2.159952231,0.830730503
FLPGVLRLVTKVGPAVVCAITRNC,1.698970004,0.44742825
LLGDFFRKAREKIGEEFKRIVQRIKDFLRNLVPRTES,1.505149978,0.610544707
DRCTKRYGRCKRDCLESEKQIDICSLPRKICCTEKLYEEDDMF,1.095077354,0.623189738
FLQHIIGALSHFF,1.40654018,0.545222775
VTCDVLSFEAKGIAVNHSACALHCIALRKKGGSCQNGVCVCRN,1,0.230168308
SIRDKIKTIAIDLAKSAGTGVLKTLICKLNKSC,0.728532955,0.533883187
PRPFPGRPKPIFRPR,1.698970004,0.690396572
TKCFQWQRNMRKVRGPPVSCIKRDS,1.519770402,0.396213502
FLPAVLRVAAKVGPAVFCAITQKC,-0.699504743,0.55090131
KAYSMPRCKYLFRAVLCWL,1.629136341,0.183546408
GRFRRLRKKTRKRLKKIGKVLKWIPPIVGSIPLG,0.903089987,0.340095047
GVVDILKGAAKDIAGHLASKVM,2.368379872,0.731528492
AKRFFGYKRKFF,0.139688896,0.715626183
AVVKVPLKKFKSIRE,1.758912809,0.328788799
GFKDLLKGAAKALVKAVLF,0.77815125,0.420468877
ASITHVKNRGKYIYMHLKFRKTNVLI,0.708334256,0.862662755
GIGAVLKVLTTGLPALISWIKRKRQQ,0.627636253,0.215898252
FLPIIAGAAAKVVQKIFCAISKKC,0.477121255,0.580990936
GWWRRTVDKVRNAGRKVAGFASKACGALGH,2,0.348972239
GLGSLLGKAFKFGLKTVGKMMGGAPREQ,1.397940009,0.00122217
VCSCRLVFCRRTELRVGNCLIGGVSFTYCCTRV,-0.871040739,0.188351637
GVFTLIKGATQLIGKTLGKEVGKTGLELMACKITKQC,0.752574989,0.623562236
GKWSKILGHLIR,0.86923172,0.69261746
GLLDTIKNMALNAAKSAGVSVLNSLSCKDSKTC,0.763427994,0.316886296
FLPIIAGMAAKVICAITKKC,1.238560627,0.471649277
VIVKAIATLASKLL,1.443750342,0.693788031
GVLATVKNLLIGTGDGAAQSVLKTLSCKLSNDC,1.191907683,0.445470529
FVGPVLKIAAGILPTAICKIYKKC,-0.036849831,0.886461104
DIFGAIWPLALGALKNLIK,1.204119983,0.763891043
HFLGTLVNLKKKIL,2.10720997,0.958070063
ILPILGNLLNGLL,2,0.767939033
FFGAIAAALPHVISAIKNAL,2.079181246,0.159703361
GLFSILRGAAKFASKGLGKDLTKLGVDLVACKISKQC,1.462397998,0.497798057
GFMKYIKPLIPHAVKAIKKLI,2.301029996,0.728468553
YKLLKLLLPKLKGLLPKL,1.524588242,0.4068061
FLPIIASVAANVFSKIFCAISKKC,1.462397998,0.81116278
RWCVYAYVRVAGVLVRYRRCW,1.255272505,0.263870249
SFLDTLKNLAISAAKGAGQSVLSTLSCKLSETC,0.819543936,0.36933901
RRIRPRPPRLPRPRPRPLPFPRPGPRPIPRPLPFPRPGPRPIPRPLPFPRPGPRPIPRP,-0.585026652,0.752231189
GLLSTFKNLATNVAGTVIDTLKCKVTGGCRT,1.903089987,0.768445758
AKRHHGLNCAKFH,-0.181485576,0.624601495
GLFTLIKGAYKNDAPTVACN,1.086359831,0.359264796
GKWMSFLKHILK,0.832508913,0.575687573
ALWKNMLKGIGKLAG,1.301029996,0.76783741
CWTKSIPPKPCF,1.139595982,0.129189634
IPPFIKKVLTTVF,1.397940009,0.751878094
GMASKAGSVAGKIAKFALGAL,2.204119983,0.137450139
SIITMTKEAKLPQLWKQIACRLYNTC,1.477121255,0.596376886
FLSLALAALPKLFCLIFKKC,1.505149978,0.758238592
AKKVFKRLEKLFSKIQN,2.301029996,0.174169705
GFFDRIKALTKNVTLELLNTITCKLPVTPP,1.096910013,0.705914171
GLISGILGVGKKLVCGLSGLC,0.928666248,0.818745577
KLKKKLKKLLKK,2.524031415,0.134772466
FLPAVIRVAANVLPTAFCAISKKC,0.795532304,0.791714046
ALWKEVLKNAGKAALNEINNLVQ,1.204119983,0.434314862
DAEFRHDSGYEVHHQKLVFFAEDVGSNKGAIIGLMVGGVVIA,-0.762470618,0.498731415
INLKAIAALVKKLL,1.602059991,0.722595281
GLLDTIKNTAKNLAVGLLDKIKCKMTGC,2.176091259,0.309276371
MKTFLRLYRSLINKVLH,0.273147247,0.695268566
GLFGKILGVGKKVLCGLSGMC,1.698970004,0.638212265
GLLDTIKNMALNAAKSAGVSVLNTLSCKLSKTC,0.934498451,0.377921226
YPIKPEAPREDASPEELNRYYASLRHYLNLVTRQRY,1.397940009,0.845775944
VKLGVYPLKVKLYP,1.773554203,0.819035555
GLWNSIKIAGKNLFVNVLDKIRCKVAGGC,2,0.934334732
GSFDFSSLLSSVANTAIKRLFVEREIDLFDHYCVLSRSPHIYSWELKFEATVTCPGWTPEKGRVRGYSSPTSAEREATKDFVQKIVRRGLVTREEASEWL,0.770115295,0.825823835
FLPIIGKLLSGLL,1,0.082864265
RVVRPVVQVVKQKVR,1.553276577,0.031075127
SMLSVLKNLGKVGLGFVA,2.301029996,0.506339971
KKVVFKVKFKK,0.763591957,0.162207338
DKLIGSCVWGATNYTSDCNAECKRRGYKGGHCGSFWNVNCWCEE,0.462397998,0.846193855
ALRSAVRTVARVGRAVLPHVAI,0.491361694,0.506223719
FWGFLGKLAMKAVPSLIGGNKSSSK,1.096910013,0.147560448
RVVRPVVQVVKEKVR,1.553037736,0.148815031
WCRRLCYKQRCVTYCRGR,-0.193820026,0.132916902
GLASTIGSLLGKFAKGGAQAFLQPK,1.698970004,0.055775475
ALWKNMLKGIGKLAGKAALGAVKKLVGAES,0.602059991,0.453964228
GRLQAFLAKMKEIAAQTL,0.096910013,0.722817571
GIGGALLSAGKAALKGLAKVLV,0.971510278,0.174787174
KRFRIRVRVIRK,0.867783176,0.958467919
KWKKLLKKPLKLKL,1.096910013,0.620912245
GMWSKILGHLIR,0.811624645,0.167027796
KLKKLLKKWLKLLKKLLK,0.903089987,0.957082149
KWKLFKKILKFLHLAKKF,1.397940009,0.979218451
FLPIIAGAAAKVVEKIFCAISKKC,0.77815125,0.007396025
LNWGAALKHAAK,2,0.484373288
GLGSLLGKAFKFGLKTVGKMMAGAPREQ,1.397940009,0.260628985
LAHQKPFIRKSYKCLHKRCR,0.380211242,0.731222791
FVQWFSKFLLRIL,1.681241237,0.257130728
LFGMALKLLKKVL,1,0.383869369
FIGGLRRLFATVVGTVVGAINKLGGG,0.388893353,0.601629256
FLPLLLSALPSFLCLVFKKC,2.709269961,0.857979719
MAGLLRFLLSKGRALYNWAKSHVGKVWEWLKSGATYEQIKEWIENALGWR,2,0.838386852
CVDIGFSPTGKRPPFCPYPG,1.669897447,0.31670272
MDSFQKIEKIGEGTYGVVYKAKDKVSGRLVALKKIRLENESEGVPSTA,1.150514998,0.217570766
FSKYERQKDKRPYSERKNQYTGPQFLYPPERIPPQKVIKWNEEGLPIYEIPGEGGHAEPAAA,0.344920654,0.569488364
SMLSVLKKLGKVGLGFVACKINKQC,1.301029996,0.550815741
RIKRFWPVVIRTVVAGYNLYRAIKKK,-0.431798276,0.979923618
IKLSKETKKNLKKVLKGAIKGAIAVAKMV,1.698970004,0.113325319
VKRFKKFFRKLKKSVK,1.490711119,0.694472337
FMGSALRIAAKVLPAALCQIFKKC,1.287311786,0.805758439
KRKFHEKHHSHRGY,2,0.900693667
RGGRLCYCRRRFCICV,1.105371358,0.375323658
GLLDTFKNMALNAAKSAGVSVLNALSCKLSKTC,0.946047301,0.687034964
WKLLSKAQEKFGKNKSR,0.322219295,0.056837828
VVIRTVVAGYNLYRAIKKK,1.409349266,0.214761515
GLLSKVLGVGKKVLCGVSGLC,1.868479475,0.313211813
GLLSGVLGVGKKIVCGLSGLC,0.716003344,0.812588077
GIFSKISGKAIKNLFIKGAKNVGKEVGMDVVRTGMDVVGCKIKGEC,-0.361437229,0.185896972
GLLGPLLKIAAKVGSKLL,1.096910013,0.425664617
RVVRQWPIGRVVRRVVRRVVR,-0.421967677,0.947126809
GLLGPLLKIAAKVGKNLL,1.397940009,0.064596149
IKLSPETKDNLKKVLKGAIKGAIAVAKMV,1.903089987,0.283661711
FFRLLFHGVHHVGKIKPRA,1.452128977,0.771306958
FIGPVLKMATSILPTAICKGFKKC,0.590535762,0.200578761
DHYLCVKNEGICLYSSCPSYTKIEGTCYGGKAKCCK,-0.121295368,0.167041689
VKRWKKWRWKWKKWV,-0.577205837,0.472978765
GFLDTFKNLALNAAKSAGVSVLNSLSCKLFKTC,0.071327367,0.319456385
RPWAGNGSVHRYTVLSPRLKTQ,0.397940009,0.502616302
LVKRFKKFFRKLKKSVK,1.166540373,0.233894173
AGYLLGKINLKALAALAKKIL,0.602059991,0.337340926
AKRHHKYHRKFH,0.198837623,0.285946318
KAGLAFPVGRVHRLLRK,2.123851641,0.019791742
FLGGLMKAFPALICAVTKKC,1.146128036,0.242590694
GLVGTLLGHIGKAILS,1.795880017,0.671510652
FLPLIAGLAANFLPKIFCAITKKC,0.77815125,0.05310793
KKKVVFKVKFKK,0.617777716,0.876407675
GILSSLWKKLKKWIAK,1.113943352,0.885269517
SMLSVLKNLGRVGLGFVACKINKQC,2,0.289658953
ILPFVAGVAAEMMKHVYCAASKKC,0.903089987,0.71201759
ENAEEDIVLMENLFCSYIVGSADSFWT,1.812006297,0.405987201
RWGKWFKKATHVGKHVGKAALTAYL,1.204119983,0.048011725
GWKSVFRKAKKVGKTVGGLALDHYL,1.505149978,0.643411023
RGLRRLGRKIAHGVKKYGPTVLRIIRIA,0.602059991,0.011648705
IWGLIAHGVGHVGRLIHGLIRG,1.380211242,0.993280707
PEEMNKYLTALRHYINLVTRQRY,0.712299125,0.508795727
ALWKNMLKGIGKLAGK,0.903089987,0.364719435
RAGLQFPVGRLLRRLLRRLLR,-0.107235094,0.260253558
ILPIRSLIKKLL,1.096910013,0.802329249
SVMGTVKDLLIGAGKSAAQSVLKSLSCKLSNDC,0.51851394,0.06850831
